OBJECTID,name,borough,longitude,latitude,subway_lines,number_of_lines
6,238th St,Bronx,-73.90087,40.884667,1,1
156,145th St,Manhattan,-73.95036,40.826551,1,1
157,157th St,Manhattan,-73.94489,40.834041,1,1
159,103rd St,Manhattan,-73.968379,40.799446,1,1
166,Cathedral Pkwy (110th St),Manhattan,-73.966847,40.803967,1,1
167,116th St - Columbia University,Manhattan,-73.96411,40.807722,1,1
172,137th St - City College,Manhattan,-73.953676,40.822008,1,1
177,168th St,Manhattan,-73.940133,40.840556,1,1
178,181st St,Manhattan,-73.933596,40.849505,1,1
179,191st St,Manhattan,-73.929412,40.855225,1,1
266,Marble Hill - 225th St,Manhattan,-73.909831,40.874561,1,1
267,231st St,Bronx,-73.904834,40.878856,1,1
268,215th St,Manhattan,-73.915279,40.869444,1,1
269,207th St,Manhattan,-73.918819,40.864614,1,1
271,Van Cortlandt Park - 242nd St,Bronx,-73.898583,40.889248,1,1
286,Dyckman St,Manhattan,-73.925536,40.860531,1,1
287,125th St,Manhattan,-73.958372,40.815581,1,1
418,South Ferry,Manhattan,-74.01316896,40.70173051,1,1
425,Rector St,Manhattan,-74.013783,40.707513,1,1
426,Cortlandt St,Manhattan,-74.012188,40.711835,1,1
280,Wakefield - 241st St,Bronx,-73.85062,40.903125,2,1
173,145th St,Manhattan,-73.936245,40.820421,3,1
261,Harlem - 148 St,Manhattan,-73.93647,40.82388,3,1
47,149th St - Grand Concourse,Bronx,-73.92738475,40.81830344,4,1
48,161st St - Yankee Stadium,Bronx,-73.925692,40.82823033,4,1
174,176th St,Bronx,-73.911794,40.84848,4,1
175,Burnside Ave,Bronx,-73.907684,40.853453,4,1
259,Kingsbridge Rd,Bronx,-73.897174,40.86776,4,1
260,Bedford Park Blvd - Lehman College,Bronx,-73.890064,40.873412,4,1
262,Mt Eden Ave,Bronx,-73.914685,40.844434,4,1
264,170th St,Bronx,-73.917791,40.840075,4,1
274,Mosholu Pkwy,Bronx,-73.884655,40.87975,4,1
291,167th St,Bronx,-73.9214,40.835537,4,1
407,183rd St,Bronx,-73.903879,40.858407,4,1
408,Fordham Rd,Bronx,-73.901034,40.862803,4,1
456,Woodlawn,Bronx,-73.878751,40.886037,4,1
125,Morris Park,Bronx,-73.860495,40.854364,5,1
126,Pelham Pkwy,Bronx,-73.855359,40.858985,5,1
277,Baychester Ave,Bronx,-73.838591,40.878663,5,1
278,Eastchester - Dyre Ave,Bronx,-73.830834,40.8883,5,1
284,Gun Hill Rd,Bronx,-73.846384,40.869526,5,1
50,E 149th St,Bronx,-73.904098,40.812118,6,1
51,Morrison Av - Soundview,Bronx,-73.874516,40.829521,6,1
52,Whitlock Ave,Bronx,-73.886283,40.826525,6,1
53,St Lawrence Ave,Bronx,-73.867618,40.831509,6,1
249,Elder Ave,Bronx,-73.879159,40.828584,6,1
250,Longwood Ave,Bronx,-73.896435,40.816104,6,1
255,Cypress Ave,Bronx,-73.914042,40.805368,6,1
258,E 143rd St - St Mary's St,Bronx,-73.907657,40.808719,6,1
292,Brook Ave,Bronx,-73.91924,40.807566,6,1
189,103rd St - Corona Plaza,Queens,-73.8627,40.749865,7,1
190,111th St,Queens,-73.855334,40.75173,7,1
230,69th St,Queens,-73.896403,40.746325,7,1
231,74th St - Broadway,Queens,-73.89120513,40.74686757,7,1
236,52nd St,Queens,-73.912549,40.744149,7,1
239,46th St,Queens,-73.918435,40.743132,7,1
240,82nd St - Jackson Hts,Queens,-73.883697,40.747659,7,1
241,90th St - Elmhurst Av,Queens,-73.876613,40.748408,7,1
293,33rd St,Queens,-73.930997,40.744587,7,1
294,40th St,Queens,-73.924016,40.743781,7,1
3,50th St,Manhattan,-73.983849,40.761728,"1, 2",2
86,86th St,Manhattan,-73.976218,40.788644,"1, 2",2
88,66th St - Lincoln Ctr,Manhattan,-73.982209,40.77344,"1, 2",2
90,Canal St,Manhattan,-74.006277,40.722854,"1, 2",2
94,59th St - Columbus Circle,Manhattan,-73.981929,40.768247,"1, 2",2
96,23rd St,Manhattan,-73.995657,40.744081,"1, 2",2
97,Houston St,Manhattan,-74.005367,40.728251,"1, 2",2
193,79th St,Manhattan,-73.979917,40.783934,"1, 2",2
195,Christopher St - Sheridan Sq,Manhattan,-74.002906,40.733422,"1, 2",2
199,28th St,Manhattan,-73.993365,40.747215,"1, 2",2
203,18th St,Manhattan,-73.997871,40.74104,"1, 2",2
464,Franklin St,Manhattan,-74.006886,40.719318,"1, 2",2
158,96th St,Manhattan,-73.972323,40.793919,"1, 2, 3",3
162,72nd St,Manhattan,-73.98197,40.778453,"1, 2, 3",3
358,34th St - Penn Station,Manhattan,-73.991057,40.750373,"1, 2, 3",3
359,Times Sq - 42nd St,Manhattan,-73.987495,40.75529,"1, 2, 3",3
404,Chambers St,Manhattan,-74.009266,40.715478,"1, 2, 3",3
439,14th St,Manhattan,-74.000201,40.737826,"1, 2, 3",3
160,Central Park North (110th St),Manhattan,-73.951822,40.799075,"2, 3",2
168,125th St,Manhattan,-73.945495,40.807754,"2, 3",2
169,135th St,Manhattan,-73.94077,40.814229,"2, 3",2
170,116th St,Manhattan,-73.949625,40.802098,"2, 3",2
402,Fulton St,Manhattan,-74.006571,40.709416,"2, 3",2
403,Park Pl,Manhattan,-74.008811,40.713051,"2, 3",2
405,Hoyt St,Brooklyn,-73.9850638,40.69054419,"2, 3",2
406,Borough Hall,Brooklyn,-73.989998,40.693219,"2, 3",2
430,Wall St,Manhattan,-74.0091,40.706821,"2, 3",2
446,Clark St,Brooklyn,-73.993086,40.697466,"2, 3",2
4,Bergen St,Brooklyn,-73.97499915,40.68086214,"2, 3, 4",3
115,Grand Army Plaza,Brooklyn,-73.97095633,40.6752947,"2, 3, 4",3
129,Eastern Pkwy - Bklyn Museum,Brooklyn,-73.96422204,40.67203224,"2, 3, 4",3
42,Franklin Ave,Brooklyn,-73.95809974,40.67076515,2-3-4-5,4
116,Atlantic Av - Barclay's Center,Brooklyn,-73.97754994,40.68442017,2-3-4-5,4
128,Nevins St,Brooklyn,-73.9804068,40.68831058,2-3-4-5,4
18,Freeman St,Bronx,-73.89175225,40.82998745,"2, 5",2
19,Intervale Ave,Bronx,-73.89661738,40.82214213,"2, 5",2
39,Pelham Pkwy,Bronx,-73.86748068,40.85719241,"2, 5",2
40,Gun Hill Rd,Bronx,-73.86613411,40.87783939,"2, 5",2
41,Nereid Ave (238 St),Bronx,-73.85431531,40.89828652,"2, 5",2
43,Simpson St,Bronx,-73.8930664,40.82397684,"2, 5",2
44,Bronx Park East,Bronx,-73.86835609,40.84876867,"2, 5",2
45,Winthrop St,Brooklyn,-73.95007935,40.65665931,"2, 5",2
87,233rd St,Bronx,-73.8573624,40.89314324,"2, 5",2
130,Beverly Rd,Brooklyn,-73.94884798,40.64512352,"2, 5",2
131,Church Ave,Brooklyn,-73.94945514,40.65086069,"2, 5",2
132,Newkirk Ave,Brooklyn,-73.94829991,40.63999124,"2, 5",2
133,Brooklyn College - Flatbush Ave,Brooklyn,-73.94754121,40.63284241,"2, 5",2
134,Sterling St,Brooklyn,-73.95072891,40.66277299,"2, 5",2
248,225th St,Bronx,-73.86021462,40.88802826,"2, 5",2
253,Jackson Ave,Bronx,-73.90770194,40.81643747,"2, 5",2
254,Prospect Ave,Bronx,-73.90177779,40.81948726,"2, 5",2
256,174th St,Bronx,-73.8876936,40.83719555,"2, 5",2
257,Allerton Ave,Bronx,-73.86723423,40.86548338,"2, 5",2
272,West Farms Sq - E Tremont Av,Bronx,-73.87996128,40.84020763,"2, 5",2
273,219th St,Bronx,-73.86250971,40.88388797,"2, 5",2
276,Burke Ave,Bronx,-73.86705362,40.8712588,"2, 5",2
285,E 180th St,Bronx,-73.8733461,40.84186304,"2, 5",2
289,149th St - Grand Concourse,Bronx,-73.92672247,40.81833014,"2, 5",2
290,3rd Ave - 149th St,Bronx,-73.91779153,40.81602925,"2, 5",2
455,President St,Brooklyn,-73.9505892,40.6678836,"2, 5",2
5,Pennsylvania Ave,Brooklyn,-73.89488591,40.66471445,"3, 4",2
46,Van Siclen Ave,Brooklyn,-73.88940492,40.66551796,"3, 4",2
135,Crown Hts - Utica Ave,Brooklyn,-73.93293256,40.66897831,"3, 4",2
136,Kingston Ave,Brooklyn,-73.94215978,40.66948145,"3, 4",2
213,New Lots Ave,Brooklyn,-73.88411071,40.66631493,"3, 4",2
217,Junius St,Brooklyn,-73.90244864,40.663589,"3, 4",2
218,Rockaway Ave,Brooklyn,-73.90895834,40.66261749,"3, 4",2
221,Saratoga Ave,Brooklyn,-73.91633025,40.66152979,"3, 4",2
222,Sutter Ave - Rutland Road,Brooklyn,-73.92252119,40.66476679,"3, 4",2
445,Nostrand Ave,Brooklyn,-73.95042625,40.66993815,"3, 4",2
123,Borough Hall,Brooklyn,-73.990151,40.692404,"4, 5",2
141,138th St - Grand Concourse,Bronx,-73.929849,40.813224,"4, 5",2
419,Bowling Green,Manhattan,-74.014008,40.704914,"4, 5",2
420,Wall St,Manhattan,-74.011862,40.707557,"4, 5",2
427,Fulton St,Manhattan,-74.009509,40.710368,"4, 5",2
29,Brooklyn Bridge - City Hall,Manhattan,-74.004131,40.713065,"4, 5, 6",4
31,Grand Central - 42nd St,Manhattan,-73.9767133,40.75180743,"4, 5, 6",4
49,Lexington Ave - 59th St,Manhattan,-73.967967,40.762526,"4, 5, 6",4
105,Union Sq - 14th St,Manhattan,-73.989951,40.734673,"4, 5, 6",4
451,86th St,Manhattan,-73.955589,40.779492,"4, 5, 6",4
468,125th St,Manhattan,-73.937594,40.804138,"4, 5, 6",4
1,Astor Pl,Manhattan,-73.99107,40.730054,"4, 6",3
2,Canal St,Manhattan,-74.000193,40.718803,"4, 6",3
32,33rd St,Manhattan,-73.982076,40.746081,"4, 6",3
33,96th St,Manhattan,-73.95107,40.785672,"4, 6",3
34,77th St,Manhattan,-73.959874,40.77362,"4, 6",3
85,51st St,Manhattan,-73.97192,40.757107,"4, 6",3
92,23rd St,Manhattan,-73.986599,40.739864,"4, 6",3
102,68th St - Hunter College,Manhattan,-73.96387,40.768141,"4, 6",3
200,28th St,Manhattan,-73.984264,40.74307,"4, 6",3
450,110th St,Manhattan,-73.94425,40.79502,"4, 6",3
457,Bleecker St,Manhattan,-73.994659,40.72591467,"4, 6",3
458,103rd St,Manhattan,-73.947478,40.7906,"4, 6",3
462,116th St,Manhattan,-73.941617,40.798629,"4, 6",3
467,Spring St,Manhattan,-73.997141,40.722301,"4, 6",3
26,Buhre Ave,Bronx,-73.832569,40.84681,6,2
27,3rd Ave - 138th St,Bronx,-73.926138,40.810476,6,2
28,Castle Hill Ave,Bronx,-73.851222,40.834255,6,2
30,Zerega Ave,Bronx,-73.847036,40.836488,6,2
89,Hunts Point Ave,Bronx,-73.890549,40.820948,6,2
91,Middletown Rd,Bronx,-73.836322,40.843863,6,2
201,Pelham Bay Park,Bronx,-73.828121,40.852462,6,2
202,Westchester Sq - E Tremont Ave,Bronx,-73.842952,40.839892,6,2
463,Parkchester,Bronx,-73.860816,40.833226,6,2
23,Mets - Willets Point,Queens,-73.845625,40.754622,7,2
24,Junction Blvd,Queens,-73.869527,40.749145,7,2
25,Flushing - Main St,Queens,-73.83003,40.7596,7,2
54,Woodside - 61st St,Queens,-73.902984,40.74563,7,2
93,Court Sq,Queens,-73.945264,40.747023,7,2
95,Hunters Point Ave,Queens,-73.948916,40.742216,7,2
101,Vernon Blvd - Jackson Ave,Queens,-73.953581,40.742626,7,2
103,Queensboro Plz,Queens,-73.94016354,40.75063565,7,2
197,Times Sq - 42nd St,Manhattan,-73.987691,40.755477,7,2
204,Grand Central - 42nd St,Manhattan,-73.976041,40.751431,7,2
466,5th Ave - Bryant Pk,Manhattan,-73.981963,40.753821,7,2
470,34th St - Hudson Yards,Manhattan,-74.00219709,40.75544636,7,2
55,Far Rockaway - Mott Ave,Queens,-73.755405,40.603995,A,1
124,Aqueduct Racetrack,Queens,-73.835919,40.672097,A,1
180,175th St,Manhattan,-73.939704,40.847391,A,1
181,Beach 44th St,Queens,-73.776013,40.592943,A,1
182,Beach 60th St,Queens,-73.788522,40.592374,A,1
185,Beach 36th St,Queens,-73.768175,40.595398,A,1
186,Beach 25th St,Queens,-73.761353,40.600066,A,1
205,Beach 67th St,Queens,-73.796924,40.590927,A,1
242,Howard Beach - JFK Airport,Queens,-73.830301,40.660476,A,1
243,Aqueduct - North Conduit Av,Queens,-73.834058,40.668234,A,1
270,Inwood - 207th St,Manhattan,-73.919899,40.868072,A,1
396,181st St,Manhattan,-73.937969,40.851695,A,1
397,190th St,Manhattan,-73.93418,40.859022,A,1
431,Dyckman St,Manhattan,-73.927271,40.865491,A,1
7,Cathedral Pkwy (110th St),Manhattan,-73.95806671,40.80058156,A-B-C,3
56,72nd St,Manhattan,-73.97633658,40.7755194,A-B-C,3
57,96th St,Manhattan,-73.96460246,40.7916188,A-B-C,3
161,103rd St,Manhattan,-73.96137008,40.79606074,A-B-C,3
163,81st St,Manhattan,-73.97209795,40.78134608,A-B-C,3
165,86th St,Manhattan,-73.96882849,40.78582305,A-B-C,3
398,116th St,Manhattan,-73.95479778,40.80505813,A-B-C,3
440,135th St,Manhattan,-73.94753481,40.81790556,A-B-C,3
295,145th St,Manhattan,-73.94408793,40.82476636,A-B-C-D,4
353,59th St - Columbus Circle,Manhattan,-73.98164872,40.76824953,A-B-C-D,4
399,125th St,Manhattan,-73.952248,40.81107167,A-B-C-D,4
8,Kingston - Throop Aves,Brooklyn,-73.940859,40.679919,A-C,2
38,Ralph Ave,Brooklyn,-73.920786,40.678822,A-C,2
58,168th St,Manhattan,-73.939561,40.840719,A-C,2
117,Rockaway Ave,Brooklyn,-73.911946,40.67834,A-C,2
127,Nostrand Ave,Brooklyn,-73.950426,40.680438,A-C,2
214,Van Siclen Ave,Brooklyn,-73.890358,40.67271,A-C,2
226,Shepherd Ave,Brooklyn,-73.88075,40.67413,A-C,2
298,Utica Ave,Brooklyn,-73.930729,40.679364,A-C,2
360,Fulton St,Manhattan,-74.00762309,40.71016217,A-C,2
361,Chambers St,Manhattan,-74.00858474,40.714111,A-C,2
385,Liberty Ave,Brooklyn,-73.896548,40.674542,A-C,2
386,Broadway Junction,Brooklyn,-73.905316,40.67833367,A-C,2
411,155th St,Manhattan,-73.941514,40.830518,A-C,2
412,163rd St - Amsterdam Av,Manhattan,-73.939892,40.836013,A-C,2
447,Franklin Ave,Brooklyn,-73.956848,40.68137967,A-C,2
448,Clinton - Washington Aves,Brooklyn,-73.965838,40.683263,A-C,2
453,High St,Brooklyn,-73.990531,40.699337,A-C,2
454,Lafayette Ave,Brooklyn,-73.973946,40.686113,A-C,2
206,W 4th St - Washington Sq (Upper),Manhattan,-74.000495,40.732338,A-C-E,3
347,50th St,Manhattan,-73.985984,40.762456,A-C-E,3
362,42nd St - Port Authority Bus Term,Manhattan,-73.989735,40.757308,A-C-E,3
395,Spring St,Manhattan,-74.003739,40.726227,A-C-E,3
410,Canal St - Holland Tunnel,Manhattan,-74.005229,40.720824,A-C-E,3
436,23rd St,Manhattan,-73.998041,40.745906,A-C-E,3
437,34th St - Penn Station,Manhattan,-73.993391,40.752287,A-C-E,3
444,14th St,Manhattan,-74.00169,40.740893,A-C-E,3
368,Jay St - MetroTech,Brooklyn,-73.98721815,40.69247064,A-C-F,3
367,Hoyt - Schermerhorn Sts,Brooklyn,-73.98503624,40.68840848,A-C-G,3
459,Euclid Ave,Brooklyn,-73.872106,40.675377,A-C-S,3
16,Beach 105th St,Queens,-73.82758075,40.58326844,A-S,2
17,Beach 90th St,Queens,-73.8136514,40.58809156,A-S,2
83,111th St,Queens,-73.832163,40.684331,A-S,2
98,104th St,Queens,-73.837683,40.681711,A-S,2
99,Broad Channel,Queens,-73.81583269,40.60840218,A-S,2
104,Rockaway Blvd,Queens,-73.843853,40.680429,A-S,2
183,Beach 98th St,Queens,-73.82052059,40.58538569,A-S,2
184,Rockaway Park - Beach 116 St,Queens,-73.83559009,40.58095587,A-S,2
192,Grant Ave,Brooklyn,-73.86505,40.677044,A-S,2
196,Ozone Park - Lefferts Blvd,Queens,-73.825798,40.685951,A-S,2
460,88th St,Queens,-73.85147,40.679843,A-S,2
465,80th St,Queens,-73.858992,40.679371,A-S,2
20,182nd-183rd Sts,Bronx,-73.900741,40.856093,B-D,2
21,174th-175th Sts,Bronx,-73.910136,40.8459,B-D,2
22,167th St,Bronx,-73.918432,40.833769,B-D,2
59,Kingsbridge Rd,Bronx,-73.893509,40.866978,B-D,2
171,Tremont Ave,Bronx,-73.905227,40.85041,B-D,2
176,170th St,Bronx,-73.9134,40.839306,B-D,2
263,Fordham Rd,Bronx,-73.897749,40.861296,B-D,2
265,Bedford Park Blvd,Bronx,-73.887138,40.873244,B-D,2
296,155th St,Manhattan,-73.938209,40.830135,B-D,2
297,161st St - Yankee Stadium,Bronx,-73.925651,40.827905,B-D,2
432,Grand St,Manhattan,-73.993753,40.718267,B-D,2
348,7th Ave,Manhattan,-73.98169782,40.76297015,B-D-E,3
60,42nd St - Bryant Pk,Manhattan,-73.984591,40.754184,B-D-F-M,4
84,W 4th St - Washington Sq (Lower),Manhattan,-74.00030815,40.73225449,B-D-F-M,4
349,47th-50th Sts - Rockefeller Ctr,Manhattan,-73.981331,40.758641,B-D-F-M,4
366,Herald Sq - 34th St,Manhattan,-73.98777189,40.7497894,B-D-F-M,4
433,Broadway - Lafayette St,Manhattan,-73.996204,40.725297,B-D-F-M,4
15,DeKalb Ave,Brooklyn,-73.98177094,40.69064812,B-D-N-Q-R,5
112,Church Ave,Brooklyn,-73.96288246,40.65049325,B-Q,2
113,Newkirk Ave,Brooklyn,-73.96269487,40.63514194,B-Q,2
120,7th Ave,Brooklyn,-73.97285279,40.67710218,B-Q,2
121,Atlantic Av - Barclay's Center,Brooklyn,-73.97678344,40.68448832,B-Q,2
327,Brighton Beach,Brooklyn,-73.96135379,40.5777102,B-Q,2
328,Sheepshead Bay,Brooklyn,-73.95405791,40.58654755,B-Q,2
330,Kings Hwy,Brooklyn,-73.95760874,40.60863865,B-Q,2
61,Prospect Park,Brooklyn,-73.9620313,40.66163346,B-Q-S,3
62,55th St,Brooklyn,-73.99534883,40.63147876,D,1
275,Norwood - 205th St,Bronx,-73.878855,40.874811,D,1
311,50th St,Brooklyn,-73.99465878,40.63626089,D,1
313,25th Ave,Brooklyn,-73.986829,40.59770367,D,1
314,Bay Pky,Brooklyn,-73.9936762,40.60195046,D,1
319,79th St,Brooklyn,-74.00058287,40.61315893,D,1
320,71st St,Brooklyn,-73.99884095,40.61925871,D,1
321,20th Ave,Brooklyn,-73.99817432,40.604677,D,1
322,18th Ave,Brooklyn,-74.00159259,40.60773573,D,1
323,62nd St,Brooklyn,-73.99685725,40.62622446,D,1
335,Bay 50th St,Brooklyn,-73.983765,40.58884067,D,1
390,9th Ave,Brooklyn,-73.99444874,40.64648408,D,1
392,Ft Hamilton Pkwy,Brooklyn,-73.99420224,40.64091271,D,1
469,Coney Island - Stillwell Av,Brooklyn,-73.981236,40.577281,D-F-N-Q,4
122,Atlantic Av - Barclay's Center,Brooklyn,-73.97881,40.68366567,D-N-Q-R,4
36,Union St,Brooklyn,-73.98311,40.67731567,D-N-R,3
381,Prospect Ave,Brooklyn,-73.992872,40.66541367,D-N-R,3
382,4th Av - 9th St,Brooklyn,-73.988302,40.67084667,D-N-R,3
389,36th St,Brooklyn,-74.003549,40.65514367,D-N-R,3
393,25th St,Brooklyn,-73.998091,40.66039667,D-N-R,3
63,Jamaica - Van Wyck,Queens,-73.81701287,40.70289855,E,1
409,World Trade Center,Manhattan,-74.00974462,40.71256393,E,1
64,Kew Gardens - Union Tpke,Queens,-73.83037027,40.71403482,E-F,2
164,75th Ave,Queens,-73.83692369,40.71804465,E-F,2
244,Briarwood - Van Wyck Blvd,Queens,-73.82069264,40.70916182,E-F,2
245,Forest Hills - 71st Av,Queens,-73.84451672,40.72159431,E-F-M-R,4
438,Jackson Hts - Roosevelt Av,Queens,-73.89129867,40.74653969,E-F-M-R,4
65,Sutphin Blvd - Archer Av,Queens,-73.80800472,40.70038242,E-J-Z,3
247,Jamaica Ctr - Parsons / Archer,Queens,-73.80109632,40.70206738,E-J-Z,3
66,Court Sq - 23rd St,Queens,-73.9460547,40.74776812,E-M,2
142,5th Ave - 53rd St,Manhattan,-73.97524851,40.76008683,E-M,2
143,Lexington Ave - 53rd St,Manhattan,-73.96907237,40.75746831,E-M,2
9,65th St,Queens,-73.89878838,40.74971953,E-M-R,3
10,36th St,Queens,-73.92901818,40.75196004,E-M-R,3
37,Elmhurst Ave,Queens,-73.88203475,40.74237008,E-M-R,3
67,67th Ave,Queens,-73.85286048,40.72650548,E-M-R,3
68,Grand Ave - Newtown,Queens,-73.87722086,40.73681342,E-M-R,3
191,63rd Dr - Rego Park,Queens,-73.8616182,40.72976397,E-M-R,3
232,Woodhaven Blvd - Queens Mall,Queens,-73.86943209,40.73309737,E-M-R,3
237,46th St,Queens,-73.91352175,40.75631695,E-M-R,3
238,Northern Blvd,Queens,-73.90606508,40.75282483,E-M-R,3
299,Steinway St,Queens,-73.92052647,40.75698736,E-M-R,3
307,Queens Plz,Queens,-73.93713824,40.74891772,E-M-R,3
69,Ditmas Ave,Brooklyn,-73.978172,40.63611867,F,1
187,Parsons Blvd,Queens,-73.803289,40.707572,F,1
188,169th St,Queens,-73.7934742,40.7105175,F,1
246,Sutphin Blvd,Queens,-73.810833,40.705418,F,1
279,Jamaica - 179th St,Queens,-73.783817,40.71264567,F,1
308,18th Ave,Brooklyn,-73.976971,40.62975467,F,1
325,Ave U,Brooklyn,-73.97337642,40.59592483,F,1
326,Kings Hwy,Brooklyn,-73.97235531,40.60325841,F,1
333,Neptune Ave,Brooklyn,-73.97459273,40.58073876,F,1
334,Ave X,Brooklyn,-73.974266,40.58944967,F,1
337,Ave P,Brooklyn,-73.97300282,40.60884281,F,1
338,Ave N,Brooklyn,-73.97404851,40.61435671,F,1
339,Bay Pky,Brooklyn,-73.97525698,40.62073162,F,1
342,Ave I,Brooklyn,-73.97606933,40.62501744,F,1
346,21st St - Queensbridge,Queens,-73.94193761,40.75373927,F,1
350,57th St,Manhattan,-73.977368,40.764085,F,1
352,Roosevelt Island - Main St,Manhattan,-73.953235,40.759172,F,1
369,East Broadway,Manhattan,-73.990177,40.713855,F,1
370,Delancey St - Essex St,Manhattan,-73.98807807,40.71868074,F,1
371,Lower East Side - 2nd Ave,Manhattan,-73.989938,40.72340167,F,1
452,York St,Brooklyn,-73.986885,40.69974267,F,1
107,15th St - Prospect Park,Brooklyn,-73.97973581,40.66003569,F-G,2
108,7th Ave,Brooklyn,-73.98025118,40.66624469,F-G,2
109,Ft Hamilton Pkwy,Brooklyn,-73.975776,40.65078167,F-G,2
110,Church Ave,Brooklyn,-73.97972116,40.644272,F-G,2
374,4th Av - 9th St,Brooklyn,-73.989779,40.67027167,F-G,2
375,Smith - 9th Sts,Brooklyn,-73.99589173,40.67364106,F-G,2
376,Bergen St,Brooklyn,-73.9907565,40.68611055,F-G,2
394,Carroll St,Brooklyn,-73.99494698,40.68027335,F-G,2
365,23rd St,Manhattan,-73.992765,40.74295432,F-M,2
441,14th St,Manhattan,-73.996209,40.738228,F-M,2
198,W 8th St - NY Aquarium,Brooklyn,-73.97595787,40.57603382,F-Q,2
351,Lexington Ave - 63rd St,Manhattan,-73.96608964,40.76461809,F-Q,2
70,Classon Ave,Brooklyn,-73.95999,40.688889,G,1
71,Broadway,Brooklyn,-73.95031226,40.70612658,G,1
106,Bedford - Nostrand Aves,Brooklyn,-73.953522,40.689627,G,1
118,Fulton St,Brooklyn,-73.975375,40.687119,G,1
119,Clinton - Washington Aves,Brooklyn,-73.966796,40.688094,G,1
137,Nassau Ave,Brooklyn,-73.951183,40.72448,G,1
138,Greenpoint Ave,Brooklyn,-73.954425,40.731267,G,1
148,Metropolitan Ave,Brooklyn,-73.951424,40.712774,G,1
153,Long Island City - Court Sq,Queens,-73.9438156,40.74630503,G,1
154,21st St,Queens,-73.9496,40.74412867,G,1
363,Myrtle-Willoughby Aves,Brooklyn,-73.949067,40.694619,G,1
364,Flushing Ave,Brooklyn,-73.950234,40.70037667,G,1
75,Halsey St,Brooklyn,-73.91663888,40.68641527,J,1
207,85th St - Forest Pky,Queens,-73.860087,40.692427,J,1
209,111th St,Queens,-73.83679338,40.69711481,J,1
215,Cleveland St,Brooklyn,-73.885194,40.679778,J,1
225,Alabama Ave,Brooklyn,-73.898526,40.676998,J,1
228,Cypress Hills,Brooklyn,-73.873322,40.689616,J,1
300,Kosciuszko St,Brooklyn,-73.928509,40.693172,J,1
76,Lorimer St,Brooklyn,-73.947355,40.703844,J-M,2
140,Hewes St,Brooklyn,-73.953488,40.70689,J-M,2
372,Flushing Ave,Brooklyn,-73.94137735,40.7004044,J-M,2
11,Delancey St - Essex St,Manhattan,-73.9874094,40.71830606,J-M-Z,3
139,Marcy Ave,Brooklyn,-73.957832,40.708383,J-M-Z,3
373,Myrtle Ave,Brooklyn,-73.935623,40.697195,J-M-Z,3
12,Van Siclen Ave,Brooklyn,-73.89165773,40.67802821,J-Z,2
13,Norwood Ave,Brooklyn,-73.879626,40.68152,J-Z,2
14,104th-102nd Sts,Queens,-73.844435,40.695166,J-Z,2
35,Chauncey St,Brooklyn,-73.91038357,40.6828513,J-Z,2
208,Woodhaven Blvd,Queens,-73.852052,40.693704,J-Z,2
210,121st St,Queens,-73.828349,40.700482,J-Z,2
224,Broadway Junction,Brooklyn,-73.90429,40.679366,J-Z,2
227,Crescent St,Brooklyn,-73.87392925,40.68315266,J-Z,2
229,75th St - Eldert Ln,Queens,-73.867288,40.69129,J-Z,2
301,Gates Ave,Brooklyn,-73.922156,40.689584,J-Z,2
413,Fulton St,Manhattan,-74.007938,40.71002267,J-Z,2
414,Chambers St,Manhattan,-74.00340673,40.71323379,J-Z,2
415,Canal St,Manhattan,-73.99982639,40.71817388,J-Z,2
428,Broad St,Manhattan,-74.011056,40.706476,J-Z,2
434,Bowery,Manhattan,-73.99380691,40.72024688,J-Z,2
72,Lorimer St,Brooklyn,-73.950248,40.714072,L,1
73,Sutter Ave,Brooklyn,-73.901916,40.669145,L,1
74,Wilson Ave,Brooklyn,-73.9039586,40.68886654,L,1
146,1st Ave,Manhattan,-73.98168087,40.73097498,L,1
149,Grand St,Brooklyn,-73.940497,40.711576,L,1
150,Graham Ave,Brooklyn,-73.943944,40.714576,L,1
151,Bedford Ave,Brooklyn,-73.956665,40.717174,L,1
152,Montrose Ave,Brooklyn,-73.93979285,40.70739106,L,1
194,Atlantic Ave,Brooklyn,-73.903097,40.67534467,L,1
211,Halsey St,Brooklyn,-73.903934,40.695518,L,1
212,Myrtle - Wyckoff Aves,Brooklyn,-73.91097572,40.69947106,L,1
216,Livonia Ave,Brooklyn,-73.90056237,40.66405727,L,1
219,Canarsie - Rockaway Pkwy,Brooklyn,-73.90185,40.64665367,L,1
220,E 105th St,Brooklyn,-73.89954769,40.65046879,L,1
223,New Lots Ave,Brooklyn,-73.89927796,40.65891477,L,1
235,DeKalb Ave,Brooklyn,-73.918232,40.703693,L,1
282,Bushwick - Aberdeen,Brooklyn,-73.90526176,40.68286063,L,1
283,Broadway Junction,Brooklyn,-73.90311758,40.67845625,L,1
305,Jefferson St,Brooklyn,-73.922913,40.70660667,L,1
306,Morgan Ave,Brooklyn,-73.933147,40.70615167,L,1
383,3rd Ave,Manhattan,-73.98575,40.732691,L,1
384,Union Sq - 14th St,Manhattan,-73.99066977,40.73476331,L,1
442,6th Ave,Manhattan,-73.99775079,40.73774147,L,1
443,8th Ave,Manhattan,-74.002578,40.73977667,L,1
233,Myrtle - Wyckoff Aves,Queens,-73.912179,40.699454,M,1
234,Seneca Ave,Queens,-73.907582,40.702919,M,1
302,Central Ave,Brooklyn,-73.927243,40.697873,M,1
303,Knickerbocker Ave,Brooklyn,-73.91972,40.69866,M,1
423,Fresh Pond Rd,Queens,-73.895898,40.706226,M,1
424,Middle Village - Metropolitan Ave,Queens,-73.88957723,40.71143131,M,1
449,Forest Ave,Brooklyn,-73.903075,40.704412,M,1
77,8th Ave,Brooklyn,-74.011516,40.634971,N,1
312,Ft Hamilton Pkwy,Brooklyn,-74.005351,40.63138567,N,1
315,20th Ave,Brooklyn,-73.984522,40.617109,N,1
316,18th Ave,Brooklyn,-73.990454,40.620687,N,1
324,New Utrecht Ave,Brooklyn,-73.996353,40.62484167,N,1
331,Ave U,Brooklyn,-73.979084,40.597236,N,1
332,Kings Hwy,Brooklyn,-73.980373,40.604059,N,1
336,Gravesend - 86th St,Brooklyn,-73.978189,40.592465,N,1
341,Bay Pky,Brooklyn,-73.98178001,40.61145579,N,1
435,Canal St,Manhattan,-74.00105471,40.71881426,N-Q,2
80,Times Sq - 42nd St,Manhattan,-73.986768,40.754612,N-Q-R-W,4
144,28th St,Manhattan,-73.988698,40.745454,N-Q-R-W,4
145,Herald Sq - 34th St,Manhattan,-73.98793683,40.74964456,N-Q-R-W,4
354,49th St,Manhattan,-73.98420957,40.75980197,N-Q-R-W,4
355,57th St,Manhattan,-73.98072973,40.76456553,N-Q-R-W,4
379,Union Sq - 14th St,Manhattan,-73.99053886,40.73587227,N-Q-R-W,4
380,23rd St,Manhattan,-73.989344,40.74130267,N-Q-R-W,4
400,Prince St,Manhattan,-73.997702,40.72432867,N-Q-R-W,4
401,8th St - NYU,Manhattan,-73.992508,40.730465,N-Q-R-W,4
377,Jay St - MetroTech,Brooklyn,-73.98605668,40.6922554,N-R,2
378,Court St,Brooklyn,-73.99181831,40.69419648,N-R,2
387,59th St,Brooklyn,-74.017881,40.64136167,N-R,2
388,45th St,Brooklyn,-74.010006,40.64893867,N-R,2
391,53rd St,Brooklyn,-74.014034,40.64506867,N-R,2
356,5th Ave - 59th St,Manhattan,-73.973347,40.764811,N-R-W,3
357,Lexington Ave - 59th St,Manhattan,-73.96737502,40.76270886,N-R-W,3
78,36th Ave,Queens,-73.929862,40.756442,N-W,2
79,Broadway,Queens,-73.925823,40.761432,N-W,2
155,39th Ave,Queens,-73.93285138,40.75276306,N-W,2
251,Astoria Blvd,Queens,-73.918095,40.770037,N-W,2
252,Astoria - Ditmars Blvd,Queens,-73.912034,40.77503567,N-W,2
304,30th Ave,Queens,-73.921479,40.76677867,N-W,2
100,Ocean Pkwy,Brooklyn,-73.968501,40.57631167,Q,1
111,Beverly Rd,Brooklyn,-73.9643578,40.6439046,Q,1
114,Parkside Ave,Brooklyn,-73.96145344,40.65507304,Q,1
329,Ave U,Brooklyn,-73.95581122,40.59930895,Q,1
340,Ave M,Brooklyn,-73.95924311,40.61739774,Q,1
343,Ave J,Brooklyn,-73.96069316,40.62502282,Q,1
344,Ave H,Brooklyn,-73.96151794,40.62920838,Q,1
345,Neck Rd,Brooklyn,-73.95507827,40.59532169,Q,1
461,Cortelyou Rd,Brooklyn,-73.96379006,40.64094017,Q,1
641,72nd St,Manhattan,-73.95836179,40.76880251,Q,1
642,86th St,Manhattan,-73.95177091,40.77786104,Q,1
643,96th St,Manhattan,-73.94706602,40.78423665,Q,1
309,77th St,Brooklyn,-74.02551,40.62974167,R,1
310,Bay Ridge Ave,Brooklyn,-74.023377,40.63496667,R,1
317,Bay Ridge - 95th St,Brooklyn,-74.030876,40.61662167,R,1
318,86th St,Brooklyn,-74.028398,40.62268667,R,1
416,City Hall,Manhattan,-74.00698582,40.71327233,R-W,2
417,Canal St,Manhattan,-74.001826,40.719465,R-W,2
421,Whitehall St,Manhattan,-74.01300724,40.70314237,R-W,2
422,Rector St,Manhattan,-74.01297456,40.70774476,R-W,2
429,Cortlandt St,Manhattan,-74.01113196,40.71051298,R-W,2
81,Grand Central - 42nd St,Manhattan,-73.979189,40.75276867,S,1
82,Park Pl,Brooklyn,-73.957624,40.67477167,S,1
147,Times Sq - 42nd St,Manhattan,-73.986229,40.755983,S,1
281,Botanic Garden,Brooklyn,-73.959245,40.67034267,S,1
288,Franklin Ave - Fulton St,Brooklyn,-73.955827,40.68059567,S,1